CustomerID;Product;SalesAmount;ShopId;TransactionDate
2;Choclate;725.3;59934;03/01/2022
5;Mineral water;994.26;79708;03/01/2022
0;Book;462.93;2441;04/01/2022
4;Soda;884.48;3115;05/01/2022
9;Mineral water;662.59;38801;06/01/2022
2;Bread;603.99;79670;07/01/2022
3;Milk;606.39;55011;09/01/2022
1;Bread;613.61;91955;09/01/2022
8;Book;317.15;39665;09/01/2022
7;Book;327.72;31968;10/01/2022
8;Bread;221.76;80965;12/01/2022
6;Mineral water;450.71;82530;12/01/2022
0;Bread;478.86;29168;13/01/2022
5;Bread;791.79;48509;13/01/2022
3;Book;784.49;3080;13/01/2022
6;Mineral water;480.04;84958;14/01/2022
9;Milk;164.45;48722;14/01/2022
4;Choclate;739.2;10388;14/01/2022
4;Bread;275.84;9625;15/01/2022
2;Bread;801.8;6301;15/01/2022
5;Bread;323.57;55190;16/01/2022
7;Soda;175.46;70572;17/01/2022
4;Bread;866.31;52749;17/01/2022
1;Book;352.52;93808;18/01/2022
0;Soda;440.96;13475;19/01/2022
5;Milk;756.9;62496;19/01/2022
9;Book;539.35;75547;20/01/2022
8;Milk;715.74;34108;20/01/2022
4;Bread;556.16;6506;20/01/2022
3;Bread;526.47;80786;20/01/2022
4;Book;764.24;51368;20/01/2022
1;Bread;495.34;55425;21/01/2022
7;Mineral water;780.86;68162;21/01/2022
0;Book;332.71;49134;22/01/2022
5;Bread;763.52;45115;22/01/2022
4;Choclate;351.74;75642;22/01/2022
2;Soda;214.02;15935;23/01/2022
2;Soda;854.43;15865;23/01/2022
9;Bread;465.7;45306;25/01/2022
7;Bread;983.87;2819;26/01/2022
0;Book;617.48;23371;27/01/2022
0;Soda;501.34;10486;28/01/2022
2;Soda;994.17;79981;28/01/2022
4;Choclate;369.3;15056;30/01/2022
8;Bread;741.24;50946;30/01/2022
9;Soda;281.65;60479;31/01/2022
6;Milk;223.22;77335;01/02/2022
4;Soda;869.87;35449;02/02/2022
8;Bread;802.33;63689;03/02/2022
9;Bread;303.98;90309;03/02/2022
4;Milk;978.32;66061;03/02/2022
1;Milk;330.68;83327;04/02/2022
9;Milk;825.93;82490;04/02/2022
9;Book;362.77;97250;05/02/2022
3;Bread;757.13;10937;06/02/2022
1;Soda;604.36;47652;06/02/2022
6;Book;896.38;27730;07/02/2022
1;Milk;896.31;74668;14/02/2022
8;Book;261.06;46161;15/02/2022
9;Book;126.13;57225;16/02/2022
0;Bread;264.21;62398;17/02/2022
6;Mineral water;396.33;96906;17/02/2022
4;Milk;55.86;62397;18/02/2022
9;Mineral water;572.96;88794;19/02/2022
8;Bread;195.66;47430;19/02/2022
7;Mineral water;76.87;88794;19/02/2022
9;Mineral water;937.23;87967;20/02/2022
5;Bread;119.03;14661;20/02/2022
8;Soda;323.38;47530;20/02/2022
4;Bread;942.23;77599;21/02/2022
8;Choclate;665.83;95627;22/02/2022
3;Book;348.98;29383;23/02/2022
9;Soda;891.38;6643;24/02/2022
4;Soda;687.87;26484;24/02/2022
1;Mineral water;141.13;94864;25/02/2022
2;Soda;616.75;59171;27/02/2022
6;Milk;948.44;88841;27/02/2022
7;Soda;627.53;13555;01/03/2022
8;Book;518.59;88049;01/03/2022
5;Soda;469.26;39500;01/03/2022
1;Soda;712.57;98266;02/03/2022
6;Mineral water;470.83;65714;04/03/2022
3;Soda;183.27;20805;05/03/2022
5;Soda;135.67;12172;06/03/2022
4;Choclate;430.31;15641;07/03/2022
7;Mineral water;268.56;86570;07/03/2022
8;Book;640.09;64163;09/03/2022
2;Soda;996.25;10593;10/03/2022
1;Bread;152.94;71206;10/03/2022
3;Mineral water;504.59;23848;10/03/2022
2;Milk;215.36;38120;10/03/2022
0;Bread;200.63;38695;11/03/2022
0;Milk;14.96;57045;12/03/2022
2;Mineral water;778.64;11926;12/03/2022
2;Mineral water;545.68;69701;13/03/2022
2;Soda;105.38;77622;13/03/2022
8;Milk;504.06;76646;14/03/2022
6;Soda;825.44;41163;15/03/2022
7;Bread;752.52;44872;15/03/2022
6;Soda;17.54;34898;16/03/2022
9;Milk;528.37;67738;17/03/2022
3;Bread;384.76;53586;19/03/2022
5;Book;176.2;94736;19/03/2022
9;Bread;949.13;58648;21/03/2022
4;Soda;485.14;92355;21/03/2022
3;Milk;507.46;73447;22/03/2022
2;Mineral water;705.83;34714;23/03/2022
8;Mineral water;154.77;34824;26/03/2022
3;Milk;78.25;41692;27/03/2022
5;Soda;116.27;26985;27/03/2022
7;Soda;68.55;79824;28/03/2022
2;Choclate;156.71;14760;28/03/2022
3;Soda;569.81;34367;29/03/2022
6;Soda;468.64;90825;29/03/2022
2;Book;833.51;75747;29/03/2022
5;Soda;452.31;73710;31/03/2022
9;Book;755.39;97329;31/03/2022
5;Book;538.85;6939;31/03/2022
0;Soda;210.86;64859;01/04/2022
4;Bread;598.84;97814;01/04/2022
6;Bread;178.21;47476;01/04/2022
0;Milk;712.65;68278;02/04/2022
7;Choclate;387.48;14564;03/04/2022
7;Soda;831.33;15264;03/04/2022
6;Mineral water;692.59;92529;04/04/2022
6;Mineral water;884.96;63375;04/04/2022
4;Soda;819.88;56055;04/04/2022
0;Mineral water;589.49;55560;05/04/2022
2;Book;525.4;55698;06/04/2022
9;Soda;706.29;582;06/04/2022
9;Mineral water;150.33;25719;06/04/2022
1;Milk;902.17;27564;07/04/2022
4;Milk;879.33;19301;07/04/2022
7;Choclate;869.42;73571;08/04/2022
7;Soda;758.13;9227;08/04/2022
2;Mineral water;903.93;3489;09/04/2022
5;Choclate;648.8;82233;11/04/2022
8;Milk;280.56;12409;11/04/2022
5;Mineral water;764.97;83425;12/04/2022
0;Soda;77.11;15062;12/04/2022
9;Book;800.09;65125;13/04/2022
5;Mineral water;636.27;9025;13/04/2022
5;Milk;917.36;99824;14/04/2022
3;Milk;786.11;88594;15/04/2022
9;Mineral water;279.62;79876;15/04/2022
1;Bread;227.16;54755;15/04/2022
9;Soda;515.56;48775;16/04/2022
0;Choclate;956.97;61384;16/04/2022
7;Mineral water;541.38;58456;16/04/2022
1;Bread;524.58;19344;17/04/2022
5;Soda;846.69;33598;18/04/2022
5;Mineral water;220.57;87586;19/04/2022
6;Book;974.16;2845;20/04/2022
3;Bread;158.62;3785;20/04/2022
6;Milk;872.99;82445;20/04/2022
0;Soda;763.25;21478;21/04/2022
2;Soda;567.01;48960;22/04/2022
6;Book;398.34;13084;22/04/2022
1;Milk;148.23;70068;22/04/2022
3;Mineral water;930.33;10801;23/04/2022
7;Mineral water;490.69;76811;24/04/2022
5;Mineral water;750.31;3479;26/04/2022
5;Book;327.2;59337;26/04/2022
0;Milk;102.95;9176;27/04/2022
5;Choclate;576.83;25771;27/04/2022
5;Bread;520.78;66251;29/04/2022
3;Mineral water;650.69;15933;01/05/2022
0;Book;194.83;43807;01/05/2022
6;Bread;805.78;98596;05/05/2022
7;Soda;894.21;27635;06/05/2022
1;Mineral water;449.99;41778;07/05/2022
4;Mineral water;365.55;6226;07/05/2022
6;Book;183.91;25072;10/05/2022
3;Bread;127.48;17632;11/05/2022
4;Choclate;458.87;30035;11/05/2022
9;Book;12.63;83571;13/05/2022
2;Bread;162.96;17591;14/05/2022
8;Soda;808.48;92399;14/05/2022
3;Mineral water;506.48;86285;14/05/2022
4;Soda;273.47;91376;16/05/2022
6;Book;654.14;51803;16/05/2022
9;Book;701.94;74223;17/05/2022
2;Bread;319.64;6505;18/05/2022
8;Bread;168.78;47812;19/05/2022
0;Choclate;234.07;20252;20/05/2022
8;Mineral water;51.53;21859;20/05/2022
4;Mineral water;492.74;22816;21/05/2022
9;Book;540.78;8439;21/05/2022
8;Soda;647.41;98566;26/05/2022
7;Mineral water;862.51;82837;26/05/2022
2;Bread;261.63;95918;27/05/2022
0;Choclate;587.3;91397;28/05/2022
8;Soda;550.24;33865;28/05/2022
6;Bread;747.56;8869;30/05/2022
3;Soda;381.29;45670;30/05/2022
5;Milk;985.35;7842;31/05/2022
8;Choclate;393.51;31963;31/05/2022
4;Bread;321.64;73240;01/06/2022
5;Book;906.69;34441;04/06/2022
4;Soda;129.38;11181;04/06/2022
5;Soda;105.26;72791;05/06/2022
7;Soda;439.75;66152;05/06/2022
2;Mineral water;968.5;69753;05/06/2022
2;Choclate;664.05;38944;06/06/2022
0;Soda;486.13;53779;06/06/2022
9;Mineral water;778.34;2696;06/06/2022
1;Mineral water;782.3;62723;07/06/2022
0;Choclate;877.52;74433;09/06/2022
8;Milk;287.32;48185;09/06/2022
8;Mineral water;107.8;69135;09/06/2022
3;Soda;144.02;6995;09/06/2022
0;Book;952.63;85523;11/06/2022
8;Soda;595.27;7886;12/06/2022
0;Mineral water;942.85;4723;13/06/2022
1;Soda;729.33;60364;15/06/2022
1;Milk;572.49;47608;16/06/2022
5;Mineral water;177.78;33142;16/06/2022
3;Book;971.23;44023;16/06/2022
3;Milk;639.16;5632;18/06/2022
5;Mineral water;274.06;36824;18/06/2022
7;Mineral water;964.78;94278;19/06/2022
0;Soda;896.43;40602;21/06/2022
3;Soda;972.54;73402;21/06/2022
0;Book;439.68;10840;23/06/2022
1;Milk;935.92;2974;23/06/2022
8;Soda;378.29;27860;24/06/2022
1;Mineral water;648.78;16398;24/06/2022
1;Choclate;637.2;96732;25/06/2022
2;Bread;418.29;69026;25/06/2022
8;Book;854.71;79083;25/06/2022
7;Mineral water;558.95;25482;27/06/2022
1;Bread;151.71;97154;27/06/2022
3;Bread;343.39;15036;28/06/2022
4;Book;790.46;65486;28/06/2022
0;Soda;995.96;29104;30/06/2022
5;Choclate;558.67;67250;30/06/2022
9;Milk;239.44;78738;30/06/2022
9;Soda;165.88;58369;01/07/2022
3;Choclate;302.74;89971;01/07/2022
7;Choclate;911.93;60783;04/07/2022
0;Soda;162.94;16999;05/07/2022
4;Milk;298.1;79986;05/07/2022
5;Bread;82.16;33952;06/07/2022
5;Choclate;577.6;13536;07/07/2022
3;Choclate;703.86;75809;10/07/2022
8;Choclate;300.02;188;10/07/2022
5;Mineral water;485;3385;11/07/2022
9;Mineral water;220.62;80171;11/07/2022
8;Book;238.05;35389;11/07/2022
3;Soda;91.89;28806;12/07/2022
0;Milk;364.76;81718;12/07/2022
0;Book;505.47;96320;12/07/2022
6;Milk;164.68;1583;12/07/2022
9;Bread;92.76;87009;13/07/2022
7;Book;303.9;71017;14/07/2022
8;Choclate;367.08;9005;14/07/2022
5;Mineral water;440.53;22915;14/07/2022
9;Bread;961.16;36736;15/07/2022
0;Book;260.21;35568;16/07/2022
3;Choclate;803.99;11507;16/07/2022
5;Book;880.34;3413;17/07/2022
0;Bread;45.92;47980;18/07/2022
7;Milk;469.19;15562;18/07/2022
3;Soda;129.59;97574;18/07/2022
9;Choclate;251.96;3098;19/07/2022
9;Bread;311.38;50691;20/07/2022
6;Book;240.91;63203;21/07/2022
0;Mineral water;649.45;28523;22/07/2022
7;Milk;975.16;8427;23/07/2022
8;Choclate;930.82;77573;23/07/2022
1;Choclate;974.09;30637;23/07/2022
0;Mineral water;457.09;42417;24/07/2022
4;Bread;106.14;21267;24/07/2022
2;Bread;267.63;12629;27/07/2022
7;Mineral water;205.85;75833;28/07/2022
5;Bread;662.43;62378;28/07/2022
6;Book;98.45;16189;29/07/2022
7;Mineral water;434.84;93708;30/07/2022
1;Bread;338.61;49005;31/07/2022
7;Book;416.68;5271;01/08/2022
6;Mineral water;604.32;22427;01/08/2022
3;Mineral water;557.63;44188;01/08/2022
1;Bread;773.38;13538;02/08/2022
3;Mineral water;332.7;68766;03/08/2022
5;Mineral water;533.38;15876;04/08/2022
6;Milk;530.28;7297;04/08/2022
9;Choclate;952.37;69542;05/08/2022
0;Bread;754.5;10110;05/08/2022
9;Bread;719.85;44380;06/08/2022
2;Choclate;859.6;75604;07/08/2022
5;Book;161.58;62369;07/08/2022
3;Milk;353.61;5108;08/08/2022
0;Choclate;484.73;76406;08/08/2022
2;Mineral water;928.12;82761;09/08/2022
1;Bread;232.73;28667;10/08/2022
6;Book;913.91;5608;11/08/2022
8;Choclate;41.21;19876;11/08/2022
1;Soda;232.77;26993;11/08/2022
9;Bread;684.05;5769;11/08/2022
0;Milk;100.99;52992;12/08/2022
4;Milk;557.94;28579;12/08/2022
2;Book;792.26;10808;12/08/2022
9;Bread;636.65;15716;13/08/2022
7;Milk;845.12;65492;15/08/2022
9;Milk;618.21;51150;16/08/2022
7;Book;364.82;58087;17/08/2022
0;Mineral water;391.22;15809;17/08/2022
8;Bread;783.64;51935;17/08/2022
9;Bread;471.83;69064;18/08/2022
4;Bread;540.02;14281;19/08/2022
7;Bread;754.04;29058;21/08/2022
4;Soda;738.59;71370;21/08/2022
9;Book;789.95;19275;23/08/2022
7;Soda;176.85;16396;24/08/2022
2;Book;178.7;43508;24/08/2022
7;Milk;991.75;66824;24/08/2022
8;Milk;499.04;58446;25/08/2022
5;Soda;129.44;53530;26/08/2022
6;Soda;529.4;37966;26/08/2022
8;Milk;818.04;35861;27/08/2022
5;Bread;875.96;71566;28/08/2022
2;Bread;884.35;60781;29/08/2022
1;Bread;480.16;69736;29/08/2022
5;Bread;12.93;66792;30/08/2022
5;Bread;206.77;50027;30/08/2022
1;Choclate;801.44;53509;01/09/2022
0;Bread;47.61;45171;02/09/2022
8;Mineral water;298.54;56717;03/09/2022
5;Choclate;632.71;17954;03/09/2022
1;Mineral water;388.58;18843;03/09/2022
2;Book;363.57;14305;05/09/2022
9;Mineral water;728.13;53689;06/09/2022
9;Milk;640.71;11067;08/09/2022
9;Choclate;12.6;80814;09/09/2022
8;Bread;935.94;25487;09/09/2022
3;Bread;246.92;12043;10/09/2022
5;Choclate;334.85;23917;12/09/2022
8;Milk;530.64;11849;12/09/2022
3;Soda;20.38;94831;14/09/2022
4;Mineral water;866.53;79030;14/09/2022
6;Milk;969.37;66452;15/09/2022
7;Mineral water;136.76;93960;16/09/2022
5;Milk;78.92;54926;17/09/2022
9;Soda;117.47;66157;18/09/2022
8;Bread;983.17;70883;19/09/2022
2;Choclate;741.54;59506;20/09/2022
2;Mineral water;470.31;87363;20/09/2022
3;Mineral water;134.04;23234;20/09/2022
2;Soda;261.65;79857;21/09/2022
9;Milk;257.31;91383;21/09/2022
2;Book;60.54;99922;23/09/2022
0;Bread;570.02;22803;23/09/2022
5;Soda;236.24;7975;25/09/2022
2;Mineral water;819.42;86809;27/09/2022
2;Choclate;416.76;52641;27/09/2022
1;Choclate;891.7;96083;28/09/2022
2;Bread;930.66;85677;28/09/2022
5;Soda;179.36;46847;29/09/2022
2;Bread;206.45;38007;01/10/2022
5;Mineral water;315.55;83341;02/10/2022
5;Bread;34.44;28073;03/10/2022
5;Book;786.94;89694;04/10/2022
3;Mineral water;47.5;52880;05/10/2022
2;Choclate;403.18;88337;06/10/2022
0;Milk;836.96;85362;07/10/2022
6;Soda;454.68;97386;07/10/2022
4;Soda;29.47;31922;08/10/2022
3;Bread;79.05;13853;08/10/2022
7;Milk;730.91;49288;08/10/2022
0;Book;83.95;66608;09/10/2022
8;Mineral water;259.41;85858;11/10/2022
4;Milk;981.1;65441;12/10/2022
9;Mineral water;517.99;15828;12/10/2022
2;Soda;637.23;97486;14/10/2022
7;Book;561.46;56676;16/10/2022
4;Bread;881.51;96906;16/10/2022
9;Soda;835.75;28255;17/10/2022
7;Book;407.75;43075;18/10/2022
0;Choclate;272.4;66449;18/10/2022
1;Book;992.47;88785;19/10/2022
9;Book;706.84;48476;19/10/2022
2;Milk;177.23;44585;19/10/2022
9;Soda;830.77;354;20/10/2022
5;Soda;283.01;29421;21/10/2022
7;Mineral water;892.15;18041;21/10/2022
1;Book;744.55;50098;23/10/2022
0;Soda;821.09;1241;25/10/2022
2;Bread;144.97;72185;25/10/2022
6;Choclate;632.29;83495;26/10/2022
8;Book;437.92;31119;27/10/2022
2;Mineral water;896.54;48155;27/10/2022
8;Book;423.08;53257;28/10/2022
8;Bread;606.61;27083;28/10/2022
8;Choclate;286.43;74871;29/10/2022
4;Soda;80.26;85215;29/10/2022
0;Mineral water;368.31;16208;29/10/2022
0;Mineral water;749.32;74514;31/10/2022
7;Choclate;532.35;72836;01/11/2022
9;Bread;519.91;38553;01/11/2022
1;Soda;814.05;5973;04/11/2022
8;Soda;140.13;1005;05/11/2022
6;Book;430.26;29898;08/11/2022
4;Book;382.55;70831;09/11/2022
4;Mineral water;161.23;99800;10/11/2022
6;Book;659.49;92958;10/11/2022
7;Milk;109.4;26436;11/11/2022
1;Mineral water;207.15;38077;11/11/2022
5;Milk;480.42;90497;12/11/2022
5;Milk;25.94;8785;13/11/2022
7;Mineral water;825.7;87705;13/11/2022
5;Book;105.43;19341;13/11/2022
4;Book;250.03;36208;13/11/2022
7;Milk;413.41;59274;14/11/2022
1;Milk;799.85;11623;15/11/2022
0;Choclate;823.92;25820;16/11/2022
6;Milk;290.63;25675;17/11/2022
1;Milk;285.98;79199;17/11/2022
7;Book;495.36;12616;18/11/2022
5;Choclate;64.66;58070;20/11/2022
8;Soda;642.17;86168;20/11/2022
6;Soda;186.93;12391;20/11/2022
5;Mineral water;565.97;93739;22/11/2022
3;Book;320.98;21410;23/11/2022
5;Mineral water;648.62;91103;23/11/2022
6;Soda;304.14;50176;23/11/2022
3;Soda;810.3;51751;27/11/2022
3;Soda;578.01;85927;27/11/2022
4;Milk;347.9;59149;27/11/2022
9;Bread;91.26;65445;29/11/2022
2;Mineral water;449.37;70171;29/11/2022
3;Soda;426.35;48615;30/11/2022
3;Book;926.52;3448;01/12/2022
3;Book;818.14;54280;02/12/2022
1;Bread;755.92;62813;02/12/2022
8;Milk;746.77;31135;03/12/2022
9;Bread;884.42;75614;03/12/2022
8;Soda;788.2;58053;04/12/2022
9;Book;67.75;64976;05/12/2022
8;Milk;659.86;56323;05/12/2022
9;Book;906.57;8467;06/12/2022
5;Mineral water;931.39;86971;06/12/2022
8;Soda;948.05;14021;06/12/2022
7;Soda;262.02;80780;07/12/2022
1;Choclate;530.11;89115;07/12/2022
7;Book;721.95;40266;07/12/2022
9;Bread;974.7;24033;08/12/2022
9;Bread;866.44;79568;09/12/2022
6;Choclate;451.84;1225;11/12/2022
3;Choclate;373.82;40579;13/12/2022
0;Milk;677.5;42617;13/12/2022
2;Choclate;998.6;93436;14/12/2022
8;Bread;480.94;34076;17/12/2022
2;Choclate;689.67;81023;17/12/2022
3;Mineral water;489.99;93928;18/12/2022
3;Bread;260.02;26266;19/12/2022
6;Mineral water;90.13;43867;19/12/2022
5;Bread;741.04;83035;21/12/2022
7;Choclate;756.24;71926;22/12/2022
6;Choclate;727.86;77158;23/12/2022
4;Bread;546.56;5236;23/12/2022
1;Milk;420.33;18225;23/12/2022
4;Mineral water;601.12;23089;23/12/2022
8;Book;429.11;57640;24/12/2022
1;Bread;147.44;90471;24/12/2022
8;Bread;893.99;52510;24/12/2022
0;Soda;52.71;61177;25/12/2022
8;Bread;982.55;3279;26/12/2022
5;Milk;218.72;13935;26/12/2022
3;Choclate;220.61;4773;27/12/2022
3;Book;206.71;6305;28/12/2022
8;Mineral water;480.95;14360;29/12/2022
4;Book;879.98;36919;30/12/2022
2;Milk;579.03;36555;30/12/2022
7;Milk;926.46;21023;30/12/2022
2;Milk;955.76;98958;31/12/2022
2;Choclate;166.99;2043;02/01/2023
6;Milk;88.49;67834;04/01/2023
7;Bread;988.82;37319;04/01/2023
7;Bread;71.61;33338;05/01/2023
4;Milk;399.32;53488;05/01/2023
9;Bread;232.87;74621;06/01/2023
6;Choclate;689.94;40481;06/01/2023
6;Book;985.75;67855;07/01/2023
0;Mineral water;279.31;33976;07/01/2023
8;Bread;396.18;28168;10/01/2023
0;Book;569.77;11599;10/01/2023
2;Book;812.5;75100;10/01/2023
9;Choclate;341.69;97897;13/01/2023
7;Soda;930.86;16866;14/01/2023
5;Soda;388.73;71409;15/01/2023
7;Bread;308.11;76744;15/01/2023
9;Book;212.75;94233;16/01/2023
6;Book;895.98;83039;17/01/2023
9;Soda;89.32;18877;18/01/2023
0;Mineral water;639.81;17022;18/01/2023
9;Choclate;673.06;68428;19/01/2023
2;Mineral water;398.98;50290;20/01/2023
8;Book;303.58;51136;20/01/2023
9;Mineral water;841.51;40956;20/01/2023
5;Milk;114.03;62702;21/01/2023
9;Choclate;141.88;98079;21/01/2023
7;Mineral water;138.58;3152;21/01/2023
0;Soda;833.02;13488;21/01/2023
8;Mineral water;111.13;78579;22/01/2023
6;Milk;333.08;78177;22/01/2023
0;Mineral water;446.94;75369;22/01/2023
8;Book;655.22;90548;23/01/2023
2;Soda;598.11;82305;27/01/2023
7;Milk;985.57;64912;28/01/2023
5;Book;392.02;67820;28/01/2023
0;Milk;852.96;11775;30/01/2023
4;Bread;774.03;23819;30/01/2023
5;Choclate;780.52;43390;31/01/2023
2;Soda;672.99;86570;01/02/2023
4;Choclate;78.56;10254;02/02/2023
6;Mineral water;272.29;23183;02/02/2023
2;Milk;450.43;65694;03/02/2023
2;Book;141.96;81785;04/02/2023
7;Milk;899.59;90265;05/02/2023
7;Mineral water;208.33;53809;06/02/2023
8;Bread;680.81;38608;07/02/2023
1;Choclate;447.66;99748;07/02/2023
8;Bread;577.23;32566;07/02/2023
7;Bread;506.29;83408;09/02/2023
9;Milk;525.3;92909;09/02/2023
7;Choclate;427.43;74920;09/02/2023
5;Soda;894.16;64021;10/02/2023
1;Mineral water;510.66;39821;11/02/2023
4;Mineral water;302.84;43036;14/02/2023
9;Choclate;321.95;50979;14/02/2023
2;Soda;17.24;51352;14/02/2023
2;Mineral water;47.22;24269;15/02/2023
0;Bread;638.57;71560;16/02/2023
8;Bread;417.57;60266;17/02/2023
8;Bread;90.94;97003;17/02/2023
4;Book;735.42;93180;19/02/2023
3;Milk;217.2;27138;20/02/2023
7;Milk;152.31;99095;20/02/2023
8;Bread;635.65;27827;22/02/2023
6;Soda;926;15624;23/02/2023
5;Soda;889.72;12326;23/02/2023
6;Milk;349.07;86717;25/02/2023
0;Book;148.81;17741;25/02/2023
8;Milk;745.05;93159;25/02/2023
5;Mineral water;704.38;60687;26/02/2023
1;Choclate;432.58;54685;28/02/2023
2;Bread;887.37;39704;01/03/2023
1;Choclate;481.12;69597;01/03/2023
5;Choclate;530.8;47100;02/03/2023
8;Soda;905.71;77765;04/03/2023
2;Bread;472.07;78713;04/03/2023
5;Bread;799.7;91759;04/03/2023
5;Book;519.53;53397;05/03/2023
2;Soda;400.89;47625;05/03/2023
1;Bread;357.09;11479;05/03/2023
2;Book;829.75;50076;06/03/2023
8;Choclate;759.12;19576;06/03/2023
3;Book;464.91;31362;07/03/2023
2;Milk;424.93;98945;07/03/2023
2;Choclate;981.19;78347;08/03/2023
8;Book;534.33;54597;09/03/2023
8;Soda;565.74;96972;09/03/2023
2;Milk;610.72;87111;10/03/2023
0;Choclate;921.96;92921;14/03/2023
0;Book;857.96;69339;14/03/2023
9;Choclate;526.66;7942;15/03/2023
6;Mineral water;258.34;51651;15/03/2023
6;Book;238.53;33356;15/03/2023
5;Soda;850.74;85607;16/03/2023
4;Soda;80.22;10961;16/03/2023
2;Choclate;703.75;32961;16/03/2023
2;Bread;747;78579;16/03/2023
3;Milk;86.58;3777;17/03/2023
6;Bread;231.74;19353;17/03/2023
2;Choclate;347.74;25367;17/03/2023
8;Book;882.83;27354;19/03/2023
7;Milk;206.81;95665;20/03/2023
2;Book;630.51;95493;20/03/2023
8;Milk;37.23;70095;21/03/2023
3;Soda;112.7;58897;22/03/2023
4;Soda;874.69;99350;25/03/2023
9;Book;649.52;55251;29/03/2023
5;Book;970.72;940;29/03/2023
4;Mineral water;914.48;37798;29/03/2023
6;Bread;728.38;20307;30/03/2023
3;Milk;791.26;77775;01/04/2023
6;Book;740.3;41015;01/04/2023
8;Soda;94.6;12495;02/04/2023
5;Milk;938.39;57200;02/04/2023
2;Mineral water;842.34;24853;03/04/2023
4;Choclate;60.78;50319;03/04/2023
3;Bread;298.09;14057;03/04/2023
8;Milk;902.98;21725;04/04/2023
7;Bread;915.37;84497;06/04/2023
7;Book;451.54;82871;06/04/2023
2;Bread;311.54;27512;07/04/2023
6;Milk;361.65;90524;07/04/2023
8;Book;952.8;42960;07/04/2023
0;Choclate;69.84;70961;08/04/2023
2;Book;992.89;25659;08/04/2023
3;Soda;56.77;98026;08/04/2023
7;Choclate;780.36;59237;08/04/2023
1;Mineral water;181.81;2190;09/04/2023
8;Milk;28.29;7378;10/04/2023
3;Milk;41.56;66340;10/04/2023
2;Mineral water;389.04;62240;11/04/2023
4;Book;465.47;1947;12/04/2023
4;Soda;28.27;36899;12/04/2023
6;Bread;983.73;92475;13/04/2023
7;Book;728.09;75237;14/04/2023
5;Mineral water;798.37;93934;15/04/2023
2;Bread;300.29;52576;16/04/2023
5;Mineral water;739.67;61798;17/04/2023
7;Soda;455.05;278;19/04/2023
9;Book;866.05;20448;19/04/2023
5;Book;483.36;6194;20/04/2023
0;Bread;809.44;28998;20/04/2023
1;Milk;540.13;57632;20/04/2023
1;Choclate;601.71;31357;21/04/2023
7;Mineral water;424.4;77807;21/04/2023
6;Mineral water;867.19;50268;21/04/2023
4;Soda;678.45;40869;22/04/2023
5;Soda;86.12;54790;24/04/2023
7;Book;566.82;19474;24/04/2023
6;Bread;821.92;37383;24/04/2023
7;Choclate;197.02;5230;24/04/2023
8;Bread;516.6;49858;24/04/2023
6;Choclate;940.07;30372;25/04/2023
2;Milk;435.11;23082;25/04/2023
4;Milk;391.54;32665;26/04/2023
1;Mineral water;703.55;45078;26/04/2023
0;Soda;587.81;3620;27/04/2023
7;Mineral water;800.45;72713;28/04/2023
7;Milk;708.76;76183;01/05/2023
9;Mineral water;860.9;16817;02/05/2023
3;Soda;40.59;88028;02/05/2023
4;Bread;586.74;67859;02/05/2023
2;Soda;897.58;34089;04/05/2023
1;Milk;144.31;16843;04/05/2023
5;Choclate;563.44;15508;05/05/2023
2;Bread;606.78;5729;10/05/2023
2;Mineral water;408.38;12501;10/05/2023
0;Bread;962.1;91572;14/05/2023
3;Book;298.87;2581;14/05/2023
8;Soda;842.11;51725;14/05/2023
4;Book;790.56;39141;16/05/2023
9;Soda;817.45;91330;18/05/2023
1;Book;176.18;73348;19/05/2023
0;Milk;904.04;78023;19/05/2023
6;Bread;892.89;72199;20/05/2023
6;Bread;992.34;37955;20/05/2023
1;Bread;217.1;91213;20/05/2023
9;Mineral water;595.7;59589;21/05/2023
3;Mineral water;207.32;13258;22/05/2023
0;Bread;643.23;41337;22/05/2023
1;Book;82.93;46805;23/05/2023
5;Choclate;672.33;53549;24/05/2023
1;Milk;980.83;47221;24/05/2023
1;Soda;908.02;17126;24/05/2023
0;Bread;591.88;81769;25/05/2023
0;Soda;542.9;90938;25/05/2023
0;Milk;135.86;55159;27/05/2023
6;Bread;996.84;86279;30/05/2023
2;Book;187.26;88684;30/05/2023
6;Book;435.97;95740;31/05/2023
5;Milk;39.16;32176;02/06/2023
7;Book;133.19;26021;03/06/2023
9;Milk;117.73;13032;04/06/2023
4;Mineral water;111.5;57724;04/06/2023
2;Mineral water;347.53;17042;04/06/2023
3;Choclate;831.57;22202;04/06/2023
6;Book;290.11;67940;05/06/2023
5;Book;464.93;48715;10/06/2023
6;Choclate;57.59;50346;10/06/2023
5;Milk;177.41;49703;11/06/2023
0;Book;764.2;93221;12/06/2023
1;Mineral water;156.51;20315;13/06/2023
9;Bread;477.25;2061;15/06/2023
6;Mineral water;962.18;63865;15/06/2023
7;Mineral water;578.93;22337;15/06/2023
7;Book;32.05;96460;15/06/2023
5;Book;760.12;35550;16/06/2023
3;Bread;443.28;87566;16/06/2023
5;Mineral water;531.18;84127;17/06/2023
6;Mineral water;510.06;97477;17/06/2023
9;Bread;570.57;10951;18/06/2023
5;Bread;718.94;17587;18/06/2023
0;Book;976.45;14954;18/06/2023
3;Soda;755.04;61807;18/06/2023
4;Bread;677.94;87704;19/06/2023
0;Book;480.98;46596;20/06/2023
2;Bread;523.86;89777;22/06/2023
4;Bread;906.86;77772;22/06/2023
5;Bread;45.56;96940;22/06/2023
5;Bread;948.89;14323;23/06/2023
5;Milk;481.17;28885;24/06/2023
4;Mineral water;110.23;49506;25/06/2023
3;Milk;92.52;64036;26/06/2023
4;Soda;891.65;32160;28/06/2023
4;Soda;682.36;37597;28/06/2023
2;Choclate;410.49;32756;29/06/2023
1;Mineral water;453.07;81569;30/06/2023
1;Bread;314.8;68752;01/07/2023
5;Mineral water;465.69;33133;02/07/2023
1;Milk;897.79;5437;02/07/2023
7;Mineral water;934.78;2554;03/07/2023
2;Book;206.69;11550;03/07/2023
0;Mineral water;560.69;59806;03/07/2023
0;Milk;634.94;66863;03/07/2023
9;Mineral water;222.68;80524;04/07/2023
4;Mineral water;87.88;25029;04/07/2023
5;Soda;762.61;28896;04/07/2023
8;Book;331.19;46513;07/07/2023
7;Mineral water;934.73;78934;09/07/2023
1;Choclate;859.15;32212;10/07/2023
0;Mineral water;489.76;1042;10/07/2023
7;Milk;210.25;95512;12/07/2023
5;Book;893.91;82763;12/07/2023
7;Mineral water;473.15;89342;13/07/2023
4;Choclate;770.44;37343;13/07/2023
1;Soda;133.1;35700;13/07/2023
6;Book;256.4;37269;13/07/2023
4;Choclate;335.1;92012;14/07/2023
8;Mineral water;411.37;86648;15/07/2023
1;Mineral water;515.76;47922;16/07/2023
3;Mineral water;471.99;85847;17/07/2023
1;Mineral water;375.54;57619;18/07/2023
4;Milk;273.6;48463;19/07/2023
2;Bread;566.55;49435;20/07/2023
6;Book;18.38;53440;20/07/2023
6;Bread;126.53;50353;21/07/2023
2;Soda;971.77;69189;21/07/2023
4;Milk;301.68;59052;21/07/2023
6;Mineral water;709.08;66205;22/07/2023
4;Bread;834.88;51640;22/07/2023
2;Milk;363.79;48228;23/07/2023
4;Choclate;111.91;8634;24/07/2023
2;Book;881.51;20965;24/07/2023
5;Mineral water;642.51;29782;25/07/2023
7;Choclate;814.64;97688;26/07/2023
4;Soda;547.57;37283;26/07/2023
0;Soda;410.74;98726;26/07/2023
6;Choclate;367;94362;27/07/2023
7;Mineral water;482.76;89818;27/07/2023
5;Mineral water;63.09;6885;27/07/2023
5;Mineral water;834.89;13173;28/07/2023
7;Choclate;977.83;45488;29/07/2023
3;Bread;986.47;69638;30/07/2023
9;Choclate;389.25;23737;30/07/2023
1;Soda;557.56;6839;30/07/2023
0;Milk;603.28;59103;30/07/2023
4;Milk;487.99;31168;31/07/2023
9;Choclate;573.23;33005;02/08/2023
6;Book;751.66;41312;05/08/2023
2;Choclate;396.97;37091;05/08/2023
1;Bread;179.28;14757;06/08/2023
6;Mineral water;74.1;50535;07/08/2023
5;Bread;562.41;97209;07/08/2023
5;Choclate;230.97;73252;09/08/2023
7;Choclate;608.03;73215;09/08/2023
4;Choclate;92.93;26947;10/08/2023
1;Choclate;97.9;2485;11/08/2023
3;Soda;351.31;35763;12/08/2023
2;Choclate;24.09;80609;12/08/2023
4;Book;593.16;46380;12/08/2023
8;Soda;707.36;37653;12/08/2023
2;Bread;360.51;8517;14/08/2023
8;Soda;522.49;18493;15/08/2023
0;Bread;726.84;26752;16/08/2023
6;Bread;266.61;47158;17/08/2023
5;Bread;550.89;54059;18/08/2023
9;Milk;661.54;46094;20/08/2023
6;Milk;773.52;56265;20/08/2023
8;Book;863.01;16378;21/08/2023
9;Mineral water;575.72;64151;26/08/2023
7;Soda;272.33;54102;26/08/2023
6;Book;164.24;57989;27/08/2023
6;Mineral water;398.05;25323;27/08/2023
6;Milk;327.08;45895;28/08/2023
5;Milk;85.83;24037;28/08/2023
3;Mineral water;162.97;15396;01/09/2023
8;Choclate;440.54;13057;02/09/2023
3;Soda;747.62;81901;03/09/2023
5;Bread;169.6;67230;03/09/2023
0;Bread;575.1;66086;03/09/2023
7;Mineral water;459.48;14625;04/09/2023
8;Bread;318.79;89114;05/09/2023
7;Choclate;791.83;7110;05/09/2023
6;Choclate;793.85;11105;06/09/2023
8;Bread;472.15;19803;07/09/2023
8;Milk;250.08;3500;07/09/2023
6;Choclate;598.87;12607;08/09/2023
9;Milk;976.7;28980;08/09/2023
7;Bread;535.14;46634;09/09/2023
1;Milk;367.96;43465;13/09/2023
6;Milk;183.13;4450;15/09/2023
6;Soda;626.81;42878;15/09/2023
3;Bread;715.46;50431;17/09/2023
2;Choclate;660.96;96666;18/09/2023
8;Milk;284.32;13499;19/09/2023
6;Soda;794.95;63619;21/09/2023
2;Book;184.18;85730;22/09/2023
7;Milk;768.81;2704;23/09/2023
1;Mineral water;781.19;47708;25/09/2023
4;Choclate;40.22;15584;26/09/2023
0;Soda;559.89;51250;26/09/2023
1;Milk;42.61;1185;26/09/2023
1;Choclate;844.69;83298;27/09/2023
3;Milk;202.57;61153;28/09/2023
5;Mineral water;745.98;57240;28/09/2023
7;Book;952.58;81092;29/09/2023
6;Milk;936.65;35985;29/09/2023
6;Book;535.67;83564;29/09/2023
0;Bread;685.29;43193;29/09/2023
8;Book;750.49;33651;30/09/2023
9;Soda;609.66;52922;30/09/2023
3;Mineral water;21.52;39823;30/09/2023
7;Milk;779.26;3141;30/09/2023
9;Mineral water;988.64;62733;30/09/2023
7;Choclate;444.83;30284;04/10/2023
9;Bread;729.27;76239;05/10/2023
9;Soda;345.32;22097;07/10/2023
4;Choclate;487.15;41876;08/10/2023
7;Bread;402.53;18019;08/10/2023
5;Bread;883.54;22145;08/10/2023
2;Bread;58.07;66570;08/10/2023
6;Milk;305.83;32624;10/10/2023
7;Mineral water;616.24;73034;12/10/2023
2;Soda;177.89;13201;14/10/2023
3;Soda;179.32;50471;14/10/2023
9;Mineral water;560.69;16;15/10/2023
0;Soda;670.11;62532;15/10/2023
0;Bread;395.81;59317;18/10/2023
2;Mineral water;828.83;93298;20/10/2023
6;Mineral water;706.32;49523;20/10/2023
6;Mineral water;575.63;9054;21/10/2023
4;Soda;855.37;3563;23/10/2023
5;Soda;855.87;29866;23/10/2023
8;Book;911.09;51774;25/10/2023
6;Bread;922.53;50686;28/10/2023
1;Soda;721.85;54207;29/10/2023
0;Soda;688.27;1826;29/10/2023
7;Soda;440.55;29231;29/10/2023
0;Choclate;369.36;86493;30/10/2023
0;Bread;844.54;41282;31/10/2023
0;Bread;700.79;54847;31/10/2023
6;Soda;512.72;97046;02/11/2023
9;Milk;195.24;83690;03/11/2023
2;Choclate;903.96;54643;03/11/2023
3;Book;335.13;45246;03/11/2023
1;Bread;67.24;3158;03/11/2023
6;Mineral water;863.5;50101;03/11/2023
0;Book;80.38;38310;03/11/2023
2;Choclate;193;13442;04/11/2023
4;Mineral water;782.15;55931;05/11/2023
1;Mineral water;405.7;73302;05/11/2023
3;Milk;342.94;34414;07/11/2023
7;Milk;246.09;7980;08/11/2023
6;Mineral water;627.57;87748;08/11/2023
3;Mineral water;650.34;68061;09/11/2023
5;Soda;86.47;29223;09/11/2023
1;Soda;525.53;82041;10/11/2023
1;Bread;656.24;6660;10/11/2023
5;Milk;721.01;97466;10/11/2023
5;Milk;644.58;39919;11/11/2023
3;Milk;438.39;74223;12/11/2023
8;Milk;834.41;95567;12/11/2023
6;Book;340.13;52458;12/11/2023
4;Soda;671.61;30747;15/11/2023
9;Choclate;545.47;14576;15/11/2023
4;Soda;895.63;70328;15/11/2023
2;Mineral water;295.67;24436;15/11/2023
0;Choclate;808.06;50316;15/11/2023
9;Mineral water;782.55;15087;16/11/2023
9;Soda;927.03;82357;16/11/2023
5;Milk;694.51;67621;16/11/2023
3;Bread;913.22;77902;16/11/2023
0;Choclate;414.85;40857;18/11/2023
4;Soda;564.83;78337;19/11/2023
8;Milk;498.64;12528;20/11/2023
4;Mineral water;272.04;24477;20/11/2023
9;Choclate;781.82;20063;21/11/2023
1;Milk;885.71;59473;22/11/2023
6;Choclate;855.66;6172;22/11/2023
6;Bread;436.74;90634;22/11/2023
7;Bread;210.34;12138;22/11/2023
0;Book;988.88;8482;22/11/2023
7;Mineral water;982.93;19464;22/11/2023
5;Milk;991.53;1136;23/11/2023
1;Choclate;64.33;46927;24/11/2023
5;Choclate;629.26;2120;24/11/2023
5;Mineral water;251.64;7723;27/11/2023
4;Choclate;522.46;90940;27/11/2023
7;Soda;690.65;50322;27/11/2023
9;Book;808.67;50004;27/11/2023
4;Choclate;43.64;1213;27/11/2023
8;Book;923.47;61648;27/11/2023
5;Choclate;334.23;62095;29/11/2023
4;Soda;608.54;33981;29/11/2023
2;Bread;485.53;29951;29/11/2023
7;Soda;327.95;88394;30/11/2023
5;Bread;936.6;15248;01/12/2023
2;Bread;616.01;88154;01/12/2023
2;Choclate;166.84;70774;02/12/2023
8;Book;641.73;61689;02/12/2023
2;Book;36.39;69037;02/12/2023
2;Mineral water;251.03;72142;02/12/2023
6;Mineral water;703.16;49128;03/12/2023
7;Mineral water;829.85;84395;04/12/2023
7;Book;456.93;89842;04/12/2023
0;Soda;599.03;51677;04/12/2023
7;Mineral water;182.1;47874;05/12/2023
5;Bread;51.4;93905;05/12/2023
6;Choclate;72.56;40353;07/12/2023
2;Mineral water;106.63;93831;08/12/2023
1;Choclate;602.05;6331;08/12/2023
3;Soda;296.63;87891;09/12/2023
9;Bread;763.34;42869;10/12/2023
0;Mineral water;771.75;70435;10/12/2023
7;Mineral water;927.95;64535;10/12/2023
4;Milk;521.04;86743;11/12/2023
4;Book;27.81;83008;12/12/2023
5;Choclate;609.55;28740;12/12/2023
7;Soda;778.16;759;13/12/2023
2;Bread;431.15;99268;14/12/2023
9;Bread;12.26;71827;14/12/2023
9;Soda;252.92;90053;14/12/2023
1;Book;56.48;48575;14/12/2023
1;Mineral water;243.87;70607;15/12/2023
1;Book;400.39;83761;16/12/2023
7;Choclate;393.46;92507;17/12/2023
6;Choclate;130.01;71799;17/12/2023
4;Book;282.74;71474;18/12/2023
6;Milk;737.71;36393;19/12/2023
2;Soda;710.45;8705;20/12/2023
5;Milk;633.5;8927;22/12/2023
4;Bread;335.72;89202;25/12/2023
4;Soda;208.64;97290;25/12/2023
0;Soda;175.5;21536;25/12/2023
4;Mineral water;884.99;28092;26/12/2023
0;Soda;742.56;98573;26/12/2023
9;Mineral water;206.83;69379;27/12/2023
0;Choclate;59.7;31897;28/12/2023
2;Mineral water;96.57;31963;29/12/2023
7;Bread;409.33;59020;29/12/2023
9;Milk;930.13;75431;30/12/2023
3;Book;909.24;47432;30/12/2023
5;Soda;445.94;23634;30/12/2023
3;Mineral water;515.33;56549;31/12/2023
5;Milk;443.42;5099;01/01/2024
8;Soda;82.55;38489;04/01/2024
4;Bread;943.1;26324;04/01/2024
8;Choclate;796.77;43353;05/01/2024
1;Mineral water;923.37;43716;05/01/2024
6;Book;844.93;16680;06/01/2024
5;Mineral water;458.36;22785;06/01/2024
3;Soda;199.78;38392;07/01/2024
4;Choclate;196.95;6129;07/01/2024
2;Mineral water;897.48;38258;07/01/2024
7;Book;29.98;26992;07/01/2024
2;Soda;859.64;33581;07/01/2024
1;Milk;837.71;46149;08/01/2024
1;Book;974.98;82411;08/01/2024
9;Milk;805.5;14229;09/01/2024
9;Choclate;449.46;17363;11/01/2024
6;Choclate;332.55;98646;11/01/2024
8;Book;805.37;9472;11/01/2024
5;Bread;930.44;29830;12/01/2024
4;Soda;678.59;65413;12/01/2024
1;Milk;121.44;15002;12/01/2024
5;Choclate;705.76;26526;12/01/2024
6;Mineral water;88.27;67570;13/01/2024
6;Bread;250.68;2296;13/01/2024
1;Milk;283.07;57645;16/01/2024
8;Book;610.22;56658;16/01/2024
1;Soda;824.74;17191;16/01/2024
2;Choclate;988.97;9993;16/01/2024
9;Choclate;345.04;39763;16/01/2024
0;Book;132.58;71929;16/01/2024
5;Mineral water;641.66;24189;17/01/2024
7;Book;533.92;56462;18/01/2024
7;Bread;242.37;39326;18/01/2024
2;Choclate;830.68;28740;19/01/2024
8;Book;244.49;98577;19/01/2024
1;Mineral water;326.38;4343;23/01/2024
2;Choclate;440.85;32299;23/01/2024
5;Bread;608.7;25332;25/01/2024
4;Bread;80.76;31015;25/01/2024
8;Bread;995.56;26383;25/01/2024
3;Soda;796.55;5706;26/01/2024
1;Choclate;650.59;66168;26/01/2024
6;Bread;837.43;38045;26/01/2024
9;Book;27.56;75796;26/01/2024
0;Soda;161.21;9034;26/01/2024
5;Book;980.24;24521;28/01/2024
2;Bread;257.45;60464;28/01/2024
6;Bread;549.48;83153;29/01/2024
4;Bread;637.25;48543;30/01/2024
8;Choclate;534.07;10762;30/01/2024
0;Bread;71.58;45883;30/01/2024